threshold	precision	recall	f0.5	f1	singleton_accuracy	true_positive	false_positive	false_negative	true_negative_all_possible	false_positive_rate	predicted_positive	predicted_negative_candidates	predicted_positive_rate
0.05	0.7167955326161602	0.9127976190476191	0.7392152774451716	0.7835202084605494	0.19886363636363635	33059	14723	1617	103202140601	1.426617492025975e-07	47782	272174	0.14933928415157083
0.07500000000000001	0.761710153567264	0.9100912301587301	0.7779839744532329	0.8117950837431867	0.26515151515151514	32833	11172	1843	103202144152	1.0825355308642391e-07	44005	275951	0.13753453599869983
0.10000000000000002	0.7910131796226649	0.9071721825396823	0.8025763764289308	0.8287570748256898	0.3181818181818182	32632	9169	2044	103202146155	8.884504370295568e-08	41801	278155	0.13064608883721512
0.12500000000000003	0.8138022782808267	0.9039777777777778	0.8211047919054881	0.8407489439030731	0.35795454545454547	32427	7790	2249	103202147534	7.548291966910511e-08	40217	279739	0.12569540811861632
0.15000000000000002	0.8304480022604673	0.9021333333333333	0.8345533276191436	0.8494379428692509	0.4071969696969697	32265	6850	2411	103202148474	6.637458276423234e-08	39115	280841	0.12225118453787395
0.17500000000000004	0.8441402511377512	0.9000089285714287	0.8452323498911728	0.8559594008581145	0.45075757575757575	32115	6130	2561	103202149194	5.9397984283904276e-08	38245	281711	0.11953206065834052
0.20000000000000007	0.8554757614607613	0.8981653571428571	0.8541623065786831	0.8614003850069777	0.4962121212121212	31963	5542	2713	103202149782	5.370042885830302e-08	37505	282451	0.11721924264586381
0.22500000000000003	0.8645156543675623	0.8950003571428571	0.8608123903979759	0.8647445947985325	0.5208333333333334	31799	5055	2877	103202150269	4.898153516397e-08	36854	283102	0.11518458788083362
0.25000000000000006	0.8743648436285936	0.892499880952381	0.8680661480254128	0.8685865294612508	0.5625	31635	4579	3041	103202150745	4.436922839086422e-08	36214	283742	0.11318431284301592
0.2750000000000001	0.8807874062049063	0.8891123809523808	0.872397347134924	0.8702245025304932	0.5795454545454546	31477	4225	3199	103202151099	4.0939067471369585e-08	35702	284254	0.11158409281276176
0.3000000000000001	0.8873944386169387	0.8863065079365079	0.8769907914167571	0.8721990185914876	0.6022727272727273	31321	3891	3355	103202151433	3.770270095410629e-08	35212	284744	0.11005263223693258
0.32500000000000007	0.8942919941169941	0.8840046825396825	0.8818538894739472	0.874491275510695	0.6382575757575758	31161	3577	3515	103202151747	3.466012883907432e-08	34738	285218	0.10857117853704884
0.3500000000000001	0.8990458422133423	0.8805751190476191	0.8847960213428345	0.8750996083723639	0.6571969696969697	30998	3328	3678	103202151996	3.22473885312942e-08	34326	285630	0.1072835014814537
0.3750000000000001	0.9044914935064935	0.8779896031746032	0.8883364140348485	0.8763509269067706	0.6856060606060606	30851	3083	3825	103202152241	2.987340710396034e-08	33934	286022	0.10605833302079036
0.4000000000000001	0.9084623304473304	0.8745567460317459	0.8905601326073196	0.8764728956732981	0.6931818181818182	30712	2866	3964	103202152458	2.7770737839750353e-08	33578	286378	0.10494568003100427
0.4250000000000001	0.9121242712842712	0.8707080555555556	0.8922716017452577	0.8760219499420427	0.7083333333333334	30551	2660	4125	103202152664	2.57746554967676e-08	33211	286745	0.10379864731400568
0.4500000000000001	0.9155128499278501	0.8670509126984128	0.8938310950835748	0.8755087231688161	0.7253787878787878	30391	2495	4285	103202152829	2.417585167835908e-08	32886	287070	0.10278288264636387
0.47500000000000014	0.9189562914862915	0.8638093650793649	0.8955074668605228	0.8752133459479977	0.7443181818181818	30237	2335	4439	103202152989	2.26254964605084e-08	32572	287384	0.10180149770593457
0.5000000000000002	0.9228227777777777	0.8602078174603175	0.8974283673830363	0.8749209431504169	0.7632575757575758	30072	2151	4604	103202153173	2.0842587959980113e-08	32223	287733	0.1007107227243746
0.5250000000000001	0.925380992063492	0.8560684126984128	0.8981652599330034	0.873676346472585	0.7840909090909091	29891	2006	4785	103202153318	1.9437578543802934e-08	31897	288059	0.09969183262698621
0.5500000000000003	0.9281688492063493	0.8521033730158731	0.8991549997219689	0.8726466176616641	0.7973484848484849	29720	1860	4956	103202153464	1.8022879407514185e-08	31580	288376	0.09870107139731712
0.5750000000000002	0.9299642063492062	0.8484824206349207	0.8995103668669111	0.8713947056847521	0.8049242424242424	29567	1741	5109	103202153583	1.686980271423774e-08	31308	288648	0.0978509545062446
0.6000000000000002	0.9323872438672439	0.843457619047619	0.8998888739060356	0.8696051099210388	0.8181818181818182	29367	1579	5309	103202153745	1.5300068056163922e-08	30946	289010	0.09671954893797897
0.6250000000000002	0.9335992676767677	0.8386775	0.8992906396988266	0.8671960282347511	0.8238636363636364	29180	1473	5496	103202153851	1.4272957724337847e-08	30653	289303	0.09580379802222806
0.6500000000000002	0.9354811327561329	0.8335336111111111	0.8991864980755115	0.8649658481207476	0.8409090909090909	28961	1349	5715	103202153975	1.3071432430503568e-08	30310	289646	0.09473177561914763
0.6750000000000003	0.936665	0.8279773412698412	0.8983577514519225	0.8621436160614412	0.8579545454545454	28720	1222	5956	103202154102	1.1840837976334589e-08	29942	290014	0.09358161747240246
0.7000000000000003	0.938243611111111	0.8228161111111111	0.8977880558984802	0.8594907525360775	0.8731060606060606	28495	1121	6181	103202154203	1.0862176245066345e-08	29616	290340	0.09256272737501406
0.7250000000000003	0.9384418253968253	0.8158800396825397	0.8956579026358581	0.855189091800872	0.8768939393939394	28240	1011	6436	103202154313	9.796307032794001e-09	29251	290705	0.09142194551750865
0.7500000000000002	0.9384855952380953	0.8088953174603174	0.8933458492779751	0.8507549010896224	0.8882575757575758	27964	916	6712	103202154408	8.875783622195158e-09	28880	291076	0.0902624110815237
0.7750000000000002	0.9402067063492064	0.8024053571428571	0.8923426077567878	0.8472286020944997	0.9034090909090909	27691	796	6985	103202154528	7.713017208807146e-09	28487	291469	0.08903411719111377
0.8000000000000003	0.9406599206349205	0.7943519047619048	0.8897940417727442	0.8420477386115776	0.9223484848484849	27366	704	7310	103202154620	6.821562958543003e-09	28070	291886	0.08773081298678569
0.8250000000000003	0.9399964682539683	0.7841260317460317	0.8857954437241875	0.8350509547418525	0.9318181818181818	26977	599	7699	103202154725	5.804142346828493e-09	27576	292380	0.08618685069197014
0.8500000000000003	0.9374474206349207	0.7730499603174603	0.8801911337213937	0.8268198683282663	0.9375	26553	513	8123	103202154811	4.970826417233751e-09	27066	292890	0.08459288152120917
0.8750000000000003	0.9343739682539682	0.7590703174603174	0.8727985378220714	0.8160313662747641	0.9507575757575758	26019	424	8657	103202154900	4.108441327304308e-09	26443	293513	0.0826457387890835
0.9000000000000004	0.9288012698412699	0.7417032539682539	0.8623509534179193	0.8019796107916851	0.9696969696969697	25376	328	9300	103202154996	3.1782281965938993e-09	25704	294252	0.08033604620635337
0.9250000000000004	0.9208592460317461	0.7190336904761905	0.8484981599397963	0.7835347734068476	0.9734848484848485	24526	247	10150	103202155077	2.393360867556991e-09	24773	295183	0.07742627111227794
0.9500000000000004	0.9070661507936507	0.6870751587301587	0.8270161306274868	0.7563790616186359	0.9848484848484849	23346	166	11330	103202155158	1.6084935385200833e-09	23512	296444	0.07348510420182774
0.975	0.875577261904762	0.6297188888888889	0.7834704635819874	0.7049856306052049	0.9962121212121212	21239	74	13437	103202155250	7.170392882559407e-10	21313	298643	0.066612284189076
0.99	0.8233115476190477	0.5481242063492063	0.7169374295570233	0.6295491056269152	0.9981060606060606	18247	29	16429	103202155295	2.810018832354362e-10	18276	301680	0.057120354048681696
0.995	0.7673	0.47542011904761905	0.6511236634290263	0.5588631259529944	1.0	15606	14	19070	103202155310	1.3565608156193474e-10	15620	304336	0.04881921264173824
0.999	0.5743	0.30320003968253967	0.45770776365940175	0.3735536416361417	1.0	9248	4	25428	103202155320	3.8758880446267065e-11	9252	310704	0.028916476015452126
1.0	0.0528	0.0528	0.0528	0.0528	1.0	0	0	34676	103202155324	0.0	0	319956	0.0
1.0000000000000002	0.0528	0.0528	0.0528	0.0528	1.0	0	0	34676	103202155324	0.0	0	319956	0.0
