temperature	singleton_multiplier	precision	recall	f0.5	f1	singleton_accuracy	true_positive	false_positive	false_negative	true_negative_all_possible	false_positive_rate	predicted_positive	predicted_negative_candidates	predicted_positive_rate
0.6	0.7	0.9655819444444446	0.8966821031746033	0.9419478620089731	0.918700033920328	0.8409090909090909	31178	783	3498	103202154541	7.587050847356778e-09	31961	287995	0.09989186013076798
0.6	1.0	0.9662819444444445	0.8977654365079365	0.9427883381994494	0.9196667005869947	0.8693181818181818	31169	764	3507	103202154560	7.402946165237009e-09	31933	288023	0.09980434809786345
0.6	1.3	0.9666819444444446	0.8983821031746032	0.943266909628021	0.9202167005869946	0.8882575757575758	31163	753	3513	103202154571	7.296359244009775e-09	31916	288040	0.09975121579217143
0.6	1.6	0.9667819444444445	0.8987237698412699	0.9434663143899256	0.9204933672536612	0.9034090909090909	31155	744	3521	103202154580	7.209151763005674e-09	31899	288057	0.09969808348647939
0.6	2.0	0.9670819444444445	0.8990737698412699	0.9437829810565922	0.9208267005869946	0.9147727272727273	31151	737	3525	103202154587	7.141323722224707e-09	31888	288068	0.0996637037592669
0.8	0.7	0.9670545634920634	0.8921974603174604	0.9418659793100185	0.9167816511919453	0.821969696969697	31025	716	3651	103202154608	6.937839599881804e-09	31741	288215	0.09920426558651814
0.8	1.0	0.9681878968253969	0.893614126984127	0.9431064555004949	0.918118317858612	0.8617424242424242	31014	691	3662	103202154633	6.695596597092635e-09	31705	288251	0.0990917501156409
0.8	1.3	0.9687878968253968	0.8945141269841269	0.9438107845048238	0.9189216511919455	0.8882575757575758	31005	676	3671	103202154648	6.550250795419134e-09	31681	288275	0.09901673980172274
0.8	1.6	0.9684878968253968	0.8946224603174604	0.9436720940286334	0.9189149845252786	0.9015151515151515	30993	667	3683	103202154657	6.463043314415033e-09	31660	288296	0.09895110577704434
0.8	2.0	0.9688878968253968	0.8950224603174604	0.9440720940286333	0.9193149845252787	0.9166666666666666	30989	658	3687	103202154666	6.375835833410932e-09	31647	288309	0.09891047519033867
1.0	0.7	0.9676153174603174	0.8876423015873015	0.9410980677638628	0.9144403350897468	0.7916666666666666	30887	671	3789	103202154653	6.5018021948613e-09	31558	288398	0.09863231194289215
1.0	1.0	0.9696653174603174	0.8899089682539681	0.9432377503035454	0.9166570017564136	0.8503787878787878	30875	633	3801	103202154691	6.133592830621763e-09	31508	288448	0.09847604045556264
1.0	1.3	0.9706986507936508	0.8910756349206349	0.9443208671866622	0.9177870017564137	0.8863636363636364	30861	608	3815	103202154716	5.891349827832594e-09	31469	288487	0.09835414869544562
1.0	1.6	0.9706986507936508	0.8914173015873017	0.9444536052819003	0.918030335089747	0.9015151515151515	30853	599	3823	103202154725	5.804142346828493e-09	31452	288504	0.0983010163897536
1.0	2.0	0.9701986507936509	0.8911673015873017	0.9440412676195626	0.9177003350897468	0.9109848484848485	30840	592	3836	103202154732	5.736314306047526e-09	31432	288524	0.0982385077948218
1.2	0.7	0.9669634126984125	0.8826314285714285	0.939232415348666	0.9111978016101546	0.7575757575757576	30758	656	3918	103202154668	6.356456393187799e-09	31414	288542	0.09818225005938316
1.2	1.0	0.9695634126984125	0.8854980952380953	0.9419276534439041	0.913981134943488	0.8200757575757576	30751	612	3925	103202154712	5.930108708278861e-09	31363	288593	0.09802285314230706
1.2	1.3	0.9714134126984125	0.8874980952380953	0.9438387645550153	0.9159478016101544	0.8731060606060606	30740	578	3936	103202154746	5.600658224485591e-09	31318	288638	0.09788220880371051
1.2	1.6	0.9719467460317459	0.8882814285714284	0.94446711953337	0.9166611349434878	0.9015151515151515	30726	557	3950	103202154767	5.3971741021426885e-09	31283	288673	0.09777281876257986
1.2	2.0	0.971596746031746	0.8880730952380953	0.9441943020730527	0.9164378016101545	0.9128787878787878	30714	549	3962	103202154775	5.319656341250155e-09	31263	288693	0.09771031016764806
